-- phpMyAdmin SQL Dump
-- version 4.9.2
-- https://www.phpmyadmin.net/
--
-- Host: 127.0.0.1:3306
-- Generation Time: May 03, 2021 at 05:43 PM
-- Server version: 8.0.18
-- PHP Version: 7.3.12

SET SQL_MODE = "NO_AUTO_VALUE_ON_ZERO";
SET AUTOCOMMIT = 0;
START TRANSACTION;
SET time_zone = "+00:00";


/*!40101 SET @OLD_CHARACTER_SET_CLIENT=@@CHARACTER_SET_CLIENT */;
/*!40101 SET @OLD_CHARACTER_SET_RESULTS=@@CHARACTER_SET_RESULTS */;
/*!40101 SET @OLD_COLLATION_CONNECTION=@@COLLATION_CONNECTION */;
/*!40101 SET NAMES utf8mb4 */;

--
-- Database: `varsityproject2`
--

-- --------------------------------------------------------

--
-- Table structure for table `banners`
--

DROP TABLE IF EXISTS `banners`;
CREATE TABLE IF NOT EXISTS `banners` (
  `id` bigint(20) UNSIGNED NOT NULL AUTO_INCREMENT,
  `image` varchar(191) COLLATE utf8mb4_unicode_ci NOT NULL,
  `status` int(11) NOT NULL DEFAULT '1',
  `created_at` timestamp NULL DEFAULT NULL,
  `updated_at` timestamp NULL DEFAULT NULL,
  PRIMARY KEY (`id`)
) ENGINE=MyISAM AUTO_INCREMENT=2 DEFAULT CHARSET=utf8mb4 COLLATE=utf8mb4_unicode_ci;

--
-- Dumping data for table `banners`
--

INSERT INTO `banners` (`id`, `image`, `status`, `created_at`, `updated_at`) VALUES
(1, 'public/frontend/images/banner/1691868275940888.JPG', 1, NULL, NULL);

-- --------------------------------------------------------

--
-- Table structure for table `blogs`
--

DROP TABLE IF EXISTS `blogs`;
CREATE TABLE IF NOT EXISTS `blogs` (
  `id` bigint(20) UNSIGNED NOT NULL AUTO_INCREMENT,
  `image` varchar(191) COLLATE utf8mb4_unicode_ci NOT NULL,
  `title` varchar(191) COLLATE utf8mb4_unicode_ci NOT NULL,
  `description` text COLLATE utf8mb4_unicode_ci NOT NULL,
  `status` int(11) NOT NULL DEFAULT '1',
  `user_id` int(11) DEFAULT NULL,
  `created_at` timestamp NULL DEFAULT NULL,
  `updated_at` timestamp NULL DEFAULT NULL,
  PRIMARY KEY (`id`)
) ENGINE=MyISAM AUTO_INCREMENT=7 DEFAULT CHARSET=utf8mb4 COLLATE=utf8mb4_unicode_ci;

--
-- Dumping data for table `blogs`
--

INSERT INTO `blogs` (`id`, `image`, `title`, `description`, `status`, `user_id`, `created_at`, `updated_at`) VALUES
(5, 'public/frontend/images/blog/1690851942890958.jpg', 'ржмрж╛рж╕рж╛ржпрж╝ ржЫрзЛржЯ ржмрж╛ржЧрж╛ржи ржХрж░рж╛ржмрж╛рж╕рж╛ржпрж╝ ржЫрзЛржЯ', 'ржмрж╛рж╕рж╛ржпрж╝ ржЫрзЛржЯ ржмрж╛ржЧрж╛ржи ржХрж░рж╛ржмрж╛рж╕рж╛ржпрж╝ ржЫрзЛржЯ ржмрж╛ржЧрж╛ржи ржХрж░рж╛ржмрж╛рж╕рж╛ржпрж╝ ржЫрзЛржЯ ржмрж╛ржЧрж╛ржи ржХрж░рж╛ржмрж╛рж╕рж╛ржпрж╝ ржЫрзЛржЯ ржмрж╛ржЧрж╛ржи ржХрж░рж╛ржмрж╛рж╕рж╛ржпрж╝ ржЫрзЛржЯ ржмрж╛ржЧрж╛ржи ржХрж░рж╛ржмрж╛рж╕рж╛ржпрж╝ ржЫрзЛржЯ ржмрж╛ржЧрж╛ржи ржХрж░рж╛ржмрж╛рж╕рж╛ржпрж╝ ржЫрзЛржЯ ржмрж╛ржЧрж╛ржи ржХрж░рж╛', 1, 1, '2021-02-05 04:47:50', '2021-02-05 04:47:50'),
(6, 'public/frontend/images/blog/1690913241849862.jpg', 'ржмрж╛рж╕рж╛ржпрж╝ ржЫрзЛржЯ ржмрж╛ржЧрж╛ржи ржХрж░рж╛ржмрж╛рж╕рж╛ржпрж╝ ржЫрзЛржЯ ржмрж╛ржЧрж╛ржи ржХрж░рж╛ржмрж╛рж╕рж╛ржпрж╝', 'ржмрж╛рж╕рж╛ржпрж╝ ржЫрзЛржЯ ржмрж╛ржЧрж╛ржи ржХрж░рж╛ржмрж╛рж╕рж╛ржпрж╝ ржЫрзЛржЯ ржмрж╛ржЧрж╛ржи ржХрж░рж╛ржмрж╛рж╕рж╛ржпрж╝ ржЫрзЛржЯ ржмрж╛ржЧрж╛ржи ржХрж░рж╛ржмрж╛рж╕рж╛ржпрж╝ ржЫрзЛржЯ ржмрж╛ржЧрж╛ржи ржХрж░рж╛ржмрж╛рж╕рж╛ржпрж╝ ржЫрзЛржЯ ржмрж╛ржЧрж╛ржи ржХрж░рж╛ржмрж╛рж╕рж╛ржпрж╝ ржЫрзЛржЯ ржмрж╛ржЧрж╛ржи ржХрж░рж╛ржмрж╛рж╕рж╛ржпрж╝ ржЫрзЛржЯ ржмрж╛ржЧрж╛ржи ржХрж░рж╛', 1, 1, '2021-02-05 21:02:10', '2021-02-05 21:02:10');

-- --------------------------------------------------------

--
-- Table structure for table `categories`
--

DROP TABLE IF EXISTS `categories`;
CREATE TABLE IF NOT EXISTS `categories` (
  `id` bigint(20) UNSIGNED NOT NULL AUTO_INCREMENT,
  `category_name` varchar(191) COLLATE utf8mb4_unicode_ci NOT NULL,
  `category_slug` varchar(191) COLLATE utf8mb4_unicode_ci NOT NULL,
  `status` int(11) NOT NULL DEFAULT '1',
  `created_at` timestamp NULL DEFAULT NULL,
  `updated_at` timestamp NULL DEFAULT NULL,
  PRIMARY KEY (`id`)
) ENGINE=MyISAM AUTO_INCREMENT=32 DEFAULT CHARSET=utf8mb4 COLLATE=utf8mb4_unicode_ci;

--
-- Dumping data for table `categories`
--

INSERT INTO `categories` (`id`, `category_name`, `category_slug`, `status`, `created_at`, `updated_at`) VALUES
(1, 'ржлрж▓рзЗрж░ ржЪрж╛рж░рж╛', 'ржлрж▓рзЗрж░-ржЪрж╛рж░рж╛', 1, NULL, NULL),
(2, 'ржлрзБрж▓рзЗрж░ ржЪрж╛рж░рж╛', 'ржлрзБрж▓рзЗрж░-ржЪрж╛рж░рж╛', 1, NULL, NULL),
(3, 'рж╕ржмржЬрж┐ ржЪрж╛рж░рж╛', 'рж╕ржмржЬрж┐-ржЪрж╛рж░рж╛', 1, NULL, NULL),
(7, 'ржЕржирзНржпрж╛ржирзНржп', 'ржЕржирзНржпрж╛ржирзНржп', 1, NULL, NULL),
(5, 'ржФрж╖ржзрж┐ ржЪрж╛рж░рж╛', 'ржФрж╖ржзрж┐-ржЪрж╛рж░рж╛', 1, NULL, NULL),
(31, 'ржорж╕рж▓рж╛ ржЪрж╛рж░рж╛', 'ржорж╕рж▓рж╛-ржЪрж╛рж░рж╛', 1, NULL, NULL);

-- --------------------------------------------------------

--
-- Table structure for table `comments`
--

DROP TABLE IF EXISTS `comments`;
CREATE TABLE IF NOT EXISTS `comments` (
  `id` bigint(20) UNSIGNED NOT NULL AUTO_INCREMENT,
  `created_at` timestamp NULL DEFAULT NULL,
  `updated_at` timestamp NULL DEFAULT NULL,
  PRIMARY KEY (`id`)
) ENGINE=MyISAM DEFAULT CHARSET=utf8mb4 COLLATE=utf8mb4_unicode_ci;

-- --------------------------------------------------------

--
-- Table structure for table `contacts`
--

DROP TABLE IF EXISTS `contacts`;
CREATE TABLE IF NOT EXISTS `contacts` (
  `id` bigint(20) UNSIGNED NOT NULL AUTO_INCREMENT,
  `name` varchar(191) COLLATE utf8mb4_unicode_ci NOT NULL,
  `email` varchar(191) COLLATE utf8mb4_unicode_ci NOT NULL,
  `phone_number` varchar(191) COLLATE utf8mb4_unicode_ci DEFAULT NULL,
  `subject` varchar(191) COLLATE utf8mb4_unicode_ci DEFAULT NULL,
  `message` text COLLATE utf8mb4_unicode_ci NOT NULL,
  `created_at` timestamp NULL DEFAULT NULL,
  `updated_at` timestamp NULL DEFAULT NULL,
  PRIMARY KEY (`id`)
) ENGINE=MyISAM AUTO_INCREMENT=4 DEFAULT CHARSET=utf8mb4 COLLATE=utf8mb4_unicode_ci;

--
-- Dumping data for table `contacts`
--

INSERT INTO `contacts` (`id`, `name`, `email`, `phone_number`, `subject`, `message`, `created_at`, `updated_at`) VALUES
(3, 'Aminul islam peal', 'pealrana63@gmail.com', '01787377982', '3', '45sdfsdf', '2021-02-19 05:39:26', '2021-02-19 05:39:26');

-- --------------------------------------------------------

--
-- Table structure for table `failed_jobs`
--

DROP TABLE IF EXISTS `failed_jobs`;
CREATE TABLE IF NOT EXISTS `failed_jobs` (
  `id` bigint(20) UNSIGNED NOT NULL AUTO_INCREMENT,
  `connection` text COLLATE utf8mb4_unicode_ci NOT NULL,
  `queue` text COLLATE utf8mb4_unicode_ci NOT NULL,
  `payload` longtext COLLATE utf8mb4_unicode_ci NOT NULL,
  `exception` longtext COLLATE utf8mb4_unicode_ci NOT NULL,
  `failed_at` timestamp NOT NULL DEFAULT CURRENT_TIMESTAMP,
  PRIMARY KEY (`id`)
) ENGINE=MyISAM DEFAULT CHARSET=utf8mb4 COLLATE=utf8mb4_unicode_ci;

-- --------------------------------------------------------

--
-- Table structure for table `logos`
--

DROP TABLE IF EXISTS `logos`;
CREATE TABLE IF NOT EXISTS `logos` (
  `id` bigint(20) UNSIGNED NOT NULL AUTO_INCREMENT,
  `image` varchar(191) COLLATE utf8mb4_unicode_ci NOT NULL,
  `status` int(11) NOT NULL DEFAULT '1',
  `created_at` timestamp NULL DEFAULT NULL,
  `updated_at` timestamp NULL DEFAULT NULL,
  PRIMARY KEY (`id`)
) ENGINE=MyISAM AUTO_INCREMENT=2 DEFAULT CHARSET=utf8mb4 COLLATE=utf8mb4_unicode_ci;

--
-- Dumping data for table `logos`
--

INSERT INTO `logos` (`id`, `image`, `status`, `created_at`, `updated_at`) VALUES
(1, 'public/frontend/images/logo/1692122614912948.png', 1, NULL, NULL);

-- --------------------------------------------------------

--
-- Table structure for table `migrations`
--

DROP TABLE IF EXISTS `migrations`;
CREATE TABLE IF NOT EXISTS `migrations` (
  `id` int(10) UNSIGNED NOT NULL AUTO_INCREMENT,
  `migration` varchar(191) COLLATE utf8mb4_unicode_ci NOT NULL,
  `batch` int(11) NOT NULL,
  PRIMARY KEY (`id`)
) ENGINE=MyISAM AUTO_INCREMENT=21 DEFAULT CHARSET=utf8mb4 COLLATE=utf8mb4_unicode_ci;

--
-- Dumping data for table `migrations`
--

INSERT INTO `migrations` (`id`, `migration`, `batch`) VALUES
(1, '2014_10_12_000000_create_users_table', 1),
(2, '2014_10_12_100000_create_password_resets_table', 1),
(3, '2019_08_19_000000_create_failed_jobs_table', 1),
(4, '2020_12_10_004950_create_categories_table', 1),
(5, '2020_12_10_020017_create_sliders_table', 1),
(6, '2020_12_11_062658_create_products_table', 1),
(7, '2020_12_13_165945_create_sub_categories_table', 1),
(8, '2020_12_14_011711_create_banners_table', 1),
(9, '2021_01_03_020715_create_blogs_table', 1),
(15, '2021_01_20_030413_create_orders_table', 4),
(11, '2021_01_15_051823_create_logos_table', 2),
(12, '2021_01_17_023707_create_shippings_table', 3),
(13, '2021_01_17_023933_create_payments_table', 3),
(14, '2021_01_17_024111_create_order_details_table', 3),
(16, '2021_01_26_023921_create_wishlists_table', 5),
(17, '2021_01_29_033241_create_our_services_table', 6),
(18, '2018_06_30_113500_create_comments_table', 7),
(19, '2021_02_14_014811_create_social_media_table', 7),
(20, '2021_02_16_131228_create_contacts_table', 7);

-- --------------------------------------------------------

--
-- Table structure for table `orders`
--

DROP TABLE IF EXISTS `orders`;
CREATE TABLE IF NOT EXISTS `orders` (
  `id` bigint(20) UNSIGNED NOT NULL AUTO_INCREMENT,
  `order_no` int(11) DEFAULT NULL,
  `user_id` int(11) DEFAULT NULL,
  `verify_code` int(11) DEFAULT NULL,
  `created_at` timestamp NULL DEFAULT NULL,
  `updated_at` timestamp NULL DEFAULT NULL,
  `status` varchar(255) COLLATE utf8mb4_unicode_ci NOT NULL DEFAULT '0' COMMENT '0=pending and 1=approved',
  `name` varchar(255) COLLATE utf8mb4_unicode_ci DEFAULT NULL,
  `email` varchar(255) COLLATE utf8mb4_unicode_ci DEFAULT NULL,
  `phone` varchar(255) COLLATE utf8mb4_unicode_ci DEFAULT NULL,
  `amount` double DEFAULT NULL,
  `address` text COLLATE utf8mb4_unicode_ci,
  `transaction_id` varchar(255) COLLATE utf8mb4_unicode_ci DEFAULT NULL,
  `currency` varchar(255) COLLATE utf8mb4_unicode_ci DEFAULT NULL,
  PRIMARY KEY (`id`)
) ENGINE=MyISAM AUTO_INCREMENT=232 DEFAULT CHARSET=utf8mb4 COLLATE=utf8mb4_unicode_ci;

--
-- Dumping data for table `orders`
--

INSERT INTO `orders` (`id`, `order_no`, `user_id`, `verify_code`, `created_at`, `updated_at`, `status`, `name`, `email`, `phone`, `amount`, `address`, `transaction_id`, `currency`) VALUES
(230, 3, 1, 0, NULL, NULL, 'verified', 'Aminul islam peal', 'giftzone121@gmail.com', '01787377982', 25, 'Kishoreganj, Gochihata, Danapatoly, рж╢рж╣рж░ Kishoreganj, ржЬрж┐ржк ржХрзЛржб 2331', '608ce6ef31f78', 'BDT'),
(231, 4, 1, 0, NULL, NULL, 'verified', 'Aminul islam peal', 'giftzone121@gmail.com', '01787377982', 800, 'Kishoreganj, Gochihata, Danapatoly, рж╢рж╣рж░ Kishoreganj, ржЬрж┐ржк ржХрзЛржб 2331', '608d3b851b90f', 'BDT'),
(229, 2, 10, 0, NULL, NULL, 'verified', 'Aminul islam peal', 'pealrana63@gmail.com', '01787377982', 1550, 'Kishoreganj, Gochihata, Danapatoly, рж╢рж╣рж░ Kishoreganj, ржЬрж┐ржк ржХрзЛржб 2331', '608cdff1ca73d', 'BDT'),
(228, 1, 10, 0, NULL, NULL, 'verified', 'Aminul islam peal', 'pealrana63@gmail.com', '01787377982', 1200, 'Kishoreganj, Gochihata, Danapatoly, рж╢рж╣рж░ Kishoreganj, ржЬрж┐ржк ржХрзЛржб 2331', '6047a8ce4b939', 'BDT');

-- --------------------------------------------------------

--
-- Table structure for table `order_details`
--

DROP TABLE IF EXISTS `order_details`;
CREATE TABLE IF NOT EXISTS `order_details` (
  `id` bigint(20) UNSIGNED NOT NULL AUTO_INCREMENT,
  `created_at` timestamp NULL DEFAULT NULL,
  `updated_at` timestamp NULL DEFAULT NULL,
  `order_id` int(11) DEFAULT NULL,
  `product_id` int(11) NOT NULL,
  `size` varchar(255) CHARACTER SET utf8mb4 COLLATE utf8mb4_unicode_ci DEFAULT NULL,
  `qty` int(11) NOT NULL,
  PRIMARY KEY (`id`)
) ENGINE=MyISAM AUTO_INCREMENT=169 DEFAULT CHARSET=utf8mb4 COLLATE=utf8mb4_unicode_ci;

--
-- Dumping data for table `order_details`
--

INSERT INTO `order_details` (`id`, `created_at`, `updated_at`, `order_id`, `product_id`, `size`, `qty`) VALUES
(167, '2021-04-30 23:28:19', '2021-04-30 23:28:19', 230, 10, '250 inch', 1),
(168, '2021-05-01 05:29:15', '2021-05-01 05:29:15', 231, 9, 'рзи-рзм ржлрж┐ржЯ', 2),
(166, '2021-04-30 22:58:29', '2021-04-30 22:58:29', 229, 11, 'рзи-рзл ржлрж┐ржЯ', 3),
(165, '2021-04-30 22:58:29', '2021-04-30 22:58:29', 229, 9, 'рзи-рзм ржлрж┐ржЯ', 2),
(164, '2021-03-09 10:56:58', '2021-03-09 10:56:58', 228, 9, 'рзи-рзм ржлрж┐ржЯ', 3);

-- --------------------------------------------------------

--
-- Table structure for table `order_infos`
--

DROP TABLE IF EXISTS `order_infos`;
CREATE TABLE IF NOT EXISTS `order_infos` (
  `id` bigint(20) UNSIGNED NOT NULL AUTO_INCREMENT,
  `created_at` timestamp NULL DEFAULT NULL,
  `updated_at` timestamp NULL DEFAULT NULL,
  `user_id` int(11) DEFAULT NULL COMMENT 'user_id=customer_id',
  `shipping_id` int(11) DEFAULT NULL,
  `payment_id` int(11) DEFAULT NULL,
  `order_no` int(11) DEFAULT NULL,
  `order_total` double DEFAULT NULL,
  `status` varchar(255) CHARACTER SET utf8mb4 COLLATE utf8mb4_unicode_ci NOT NULL DEFAULT '0' COMMENT '0=pending and 1=approved',
  PRIMARY KEY (`id`)
) ENGINE=MyISAM AUTO_INCREMENT=93 DEFAULT CHARSET=utf8mb4 COLLATE=utf8mb4_unicode_ci;

-- --------------------------------------------------------

--
-- Table structure for table `our_services`
--

DROP TABLE IF EXISTS `our_services`;
CREATE TABLE IF NOT EXISTS `our_services` (
  `id` bigint(20) UNSIGNED NOT NULL AUTO_INCREMENT,
  `title` varchar(191) COLLATE utf8mb4_unicode_ci NOT NULL,
  `description` longtext COLLATE utf8mb4_unicode_ci NOT NULL,
  `image` varchar(191) COLLATE utf8mb4_unicode_ci NOT NULL,
  `status` int(11) NOT NULL DEFAULT '1',
  `created_at` timestamp NULL DEFAULT NULL,
  `updated_at` timestamp NULL DEFAULT NULL,
  PRIMARY KEY (`id`)
) ENGINE=MyISAM AUTO_INCREMENT=5 DEFAULT CHARSET=utf8mb4 COLLATE=utf8mb4_unicode_ci;

--
-- Dumping data for table `our_services`
--

INSERT INTO `our_services` (`id`, `title`, `description`, `image`, `status`, `created_at`, `updated_at`) VALUES
(4, '\"ржиржЧрж░ржзрж╛рж░рж╛\"  рж╕ржХрж▓ рж░ржХржо ржЪрж╛рж░рж╛ ржЧрж╛ржЫ ржкрж╛ржУрзЯрж╛рж░ рж╕ржмржЪрзЗрзЯрзЗ ржмрж┐рж╢рзНржмрж╕рзНржд ржкрзНрж░рждрж┐рж╖рзНржарж╛ржиред', 'ржЖржорж░рж╛ рж╕ржХрж▓рзЗржЗ ржЬрж╛ржирж┐, рж╕рзБржирзНржжрж░ ржкрж░рж┐ржмрзЗрж╢рзЗрж░ ржЬржирзНржп ржЧрж╛ржЫрзЗрж░ ржЧрзБрж░рзБрждрзНржм ржЕржкрж░рж┐рж╕рзАржоред рждрж╛ржЗ ржЖржорж╛ржжрзЗрж░ ржЪрж╛рж░ржкрж╛рж╢рзЗ рж╕рзБржирзНржжрж░ ржкрж░рж┐ржмрзЗрж╢ рждрзИрж░рж┐ ржХрж░рждрзЗ ржЕржмрж╢рзНржпржЗ ржмрзЗрж╢рж┐ ржмрзЗрж╢рж┐ ржЧрж╛ржЫ рж▓рж╛ржЧрж╛рждрзЗ рж╣ржмрзЗред \r\n\r\nржЖрж░ ржПржЗ ржЧрж╛ржЫ ржЧрзБрж▓рзЛ ржпржжрж┐ рж╣рзЯ ржлрзБрж▓ & ржлрж▓рзЗрж░ ржЪрж╛рж░рж╛ рждрж╛рж╣рж▓рзЗ ржХрзЗржоржи рж╣рзЯ ржмрж▓рзБржи ржд?\r\n\r\nржПржЯрж╛ ржХрж┐ржирзНрждрзБ ржЦрзБржмрж┐ ржнрж╛рж▓ рж╣рзЯред ржХрж╛рж░ржг, ржПржХржЯрж┐ ржлрзБрж▓ & ржлрж▓ ржЧрж╛ржЫ ржпрзЗржоржи ржЕржХрзНрж╕рж┐ржЬрзЗржи,  ржЫрж╛рзЯрж╛, рж╕рзВржнрж╛рж╕ ржжрж┐рзЯрзЗ ржкрж░рж┐ржмрзЗрж╢ рж╕рзБржирзНржжрж░ рж░рж╛ржЦрзЗ ржарж┐ржХ рждрзЗржоржирж┐ ржлрж▓ ржжрж┐рзЯрзЗ ржкрж░рж┐ржмрж╛рж░рзЗрж░ ржЦрж╛ржжрзНржп ржЪрж╛рж╣рж┐ржжрж╛ ржорзЗржЯрж╛рзЯред ржПржоржиржХрж┐ ржлрж▓ рж╣рж▓ ржЖрждрзНржирждрзНрж░рж┐ржкрзНрждрж┐рж░ ржЕржирзНржпрждржо ржХрж╛рж░ржиред\r\n\r\nрждрж╛ржЫрж╛рзЬрж╛ рж╕ржмржЬрж┐, ржФрж╖ржзрж┐, ржмржиржЬ ржЪрж╛рж░рж╛ ржЧрзБрж▓рж┐ ржжрж┐рзЯрзЗржУ ржЖржорж░рж╛ ржЖржорж╛ржжрзЗрж░ ржкрж░рж┐ржХрж▓рзНржкржирж╛ ржЕржирзБржпрж╛рзЯрж┐ ржЖржорж╛ржжрзЗрж░ ржмрж╛ржЧрж╛ржи рж╕рж╛ржЬрж╛рждрзЗ ржкрж╛рж░рж┐ред\r\nрждрзИрж░рж┐ ржХрж░рждрзЗ ржкрж╛рж░рж┐ ржирж┐ржЬ ржирж┐ржЬ ржмрж╛ржЧрж╛ржи ржмрж╛рзЬрж┐ ржпрж╛ ржерж╛ржХржмрзЗ ржкрзНрж░рж╛рзЯ рж╕ржХрж▓ рж░ржХржо ржЧрж╛ржЫрзЗ ржкрж░рж┐ржкрзВрж░рзНржгред\r\n\r\nржПржХржЯрж┐ ржмрж╛ржЧрж╛ржи рждрзИрж░рж┐ ржХрж░рждрзЗ рж╢рзБржзрзБ ржпрзЗ ржнрзВржорж┐рзЯ ржкрзНрж░рзЯрзЛржЬржи ржПржоржи ржХрж┐ржирзНрждрзБ ржирж╛ред ржЖржорж░рж╛ ржпрж╛рж░рж╛ рж╢рж╣рж░рзЗ ржмрж╛рж╕ ржХрж░рж┐ рждрж╛рж░рж╛ ржЪрж╛ржЗрж▓рзЗ ржЦрзБржм рж╕рж╣ржпрзЗржЗ ржХрж┐ржирзНрждрзБ ржмрж╛рж╕рж╛рж░ ржЫрж╛ржжрзЗ ржЖржорж╛ржжрзЗрж░ ржкрзНрж░рж┐рзЯ ржмрж╛ржЧрж╛ржи ржЧрзЬрзЗ рждрзБрж▓рждрзЗ ржкрж╛рж░рж┐ред ржпрж╛ ржирж┐ржЬ ржмрж╛рж╕рж╛рж░ рж╕рзМржирзНржжрж░рзНржп ржмрж╛рзЬрж╛ржирзЛрж░ ржкрж╛рж╢рж╛ржкрж╛рж╢рж┐ рж╢рж╣рж░рзЗрж░ ржкрж░рж┐ржмрзЗрж╢ ржарж┐ржХ рж░рж╛ржЦрждрзЗржУ ржмрзЬ ржнрзВржорж┐ржХрж╛ ржкрж╛рж▓ржи ржХрж░ржмрзЗред\r\n\r\nржЖрж░ ржПржЗ ржмрж╛ржЧрж╛ржи ржкрзНрж░рж╕рзНрждрзБржд ржХрж░рж╛рж░ рж╢рзБрж░рзБ ржерзЗржХрзЗ рж╢рзЗрж╖ ржкрж░рзНржпржирзНржд рж╕ржм рж╕ржорзЯ ржкрж╛рж╢рзЗ ржкрж╛ржмрзЗржи \"ржиржЧрж░ржзрж╛рж░рж╛\" ржХрзЗред\r\n\r\nржкрж░рж┐ржЪрж╛рж▓ржирж╛рзЯ ржЖржЫрж┐ ржЖржорж░рж╛ рждрж┐ржи ржмржирзНржзрзБ ржкрж┐рзЯрж╛рж▓, рж░рж╛ржирж╛ & рж╢рж╛рж╣рж┐ржиред\r\n\r\n ржЖржорж╛ржжрзЗрж░ ржХрж╛ржЫрзЗ ржЖржкржирж╛рж░рж╛ ржкрж╛ржЪрзНржЫрзЗржи ржкрзНрж░рж╛рзЯ рж╕ржХрж▓ рж░ржХржо ржлрж▓, ржлрзБрж▓, ржмржиржЬ, ржФрж╖ржзрж┐, рж╕ржмржЬрж┐ ржЪрж╛рж░рж╛ред  ржПрж░ ржкрзНрж░рждрзНржпрзЗржХржЯрж┐ ржЪрж╛рж░рж╛ ржЧрзБржиржЧржд ржорж╛ржи рж╕ржорзНржкрзБрж░рзНржиред  ржЖржорж░рж╛ рж╕ржм рж╕ржорзЯ ржХржо ржжрж╛ржорзЗ рж╕рзЗрж░рж╛ ржЪрж╛рж░рж╛ ржЧрзБрж▓рзЛржЗ ржЧрзНрж░рж╛рж╣ржХржжрзЗрж░ ржкрзНрж░ржжрж╛ржи ржХрж░рзЗ ржерж╛ржХрж┐ред \r\n\r\nржЖржорж╛ржжрзЗрж░ рж╕рзНрж▓рзБржЧрж╛ржи рж╣ржЪрзНржЫрзЗ\r\nЁЯМ▒ЁЯМ▒ржЧрж╛ржЫ рж▓рж╛ржЧрж╛ржи\r\n          ржиржЧрж░ ржмрж╛ржЪрж╛ржиЁЯМ▒ЁЯМ▒', 'public/frontend/images/ourservice/1691868315495585.jpg', 1, '2021-01-29 10:47:03', '2021-01-29 10:47:03');

-- --------------------------------------------------------

--
-- Table structure for table `password_resets`
--

DROP TABLE IF EXISTS `password_resets`;
CREATE TABLE IF NOT EXISTS `password_resets` (
  `email` varchar(191) COLLATE utf8mb4_unicode_ci NOT NULL,
  `token` varchar(191) COLLATE utf8mb4_unicode_ci NOT NULL,
  `created_at` timestamp NULL DEFAULT NULL,
  KEY `password_resets_email_index` (`email`)
) ENGINE=MyISAM DEFAULT CHARSET=utf8mb4 COLLATE=utf8mb4_unicode_ci;

-- --------------------------------------------------------

--
-- Table structure for table `payments`
--

DROP TABLE IF EXISTS `payments`;
CREATE TABLE IF NOT EXISTS `payments` (
  `id` bigint(20) UNSIGNED NOT NULL AUTO_INCREMENT,
  `created_at` timestamp NULL DEFAULT NULL,
  `updated_at` timestamp NULL DEFAULT NULL,
  `payment_method` varchar(191) COLLATE utf8mb4_unicode_ci NOT NULL,
  `transaction_no` varchar(191) COLLATE utf8mb4_unicode_ci DEFAULT NULL,
  PRIMARY KEY (`id`)
) ENGINE=MyISAM AUTO_INCREMENT=90 DEFAULT CHARSET=utf8mb4 COLLATE=utf8mb4_unicode_ci;

--
-- Dumping data for table `payments`
--

INSERT INTO `payments` (`id`, `created_at`, `updated_at`, `payment_method`, `transaction_no`) VALUES
(89, '2021-02-28 20:37:00', '2021-02-28 20:37:00', 'Bkash', 'sd45sfgvdfhgdf');

-- --------------------------------------------------------

--
-- Table structure for table `products`
--

DROP TABLE IF EXISTS `products`;
CREATE TABLE IF NOT EXISTS `products` (
  `id` bigint(20) UNSIGNED NOT NULL AUTO_INCREMENT,
  `product_name` varchar(191) COLLATE utf8mb4_unicode_ci NOT NULL,
  `product_slug` varchar(191) COLLATE utf8mb4_unicode_ci NOT NULL,
  `product_code` varchar(191) COLLATE utf8mb4_unicode_ci NOT NULL,
  `category_id` int(11) NOT NULL,
  `price` int(11) DEFAULT '1',
  `description` text CHARACTER SET utf8mb4 COLLATE utf8mb4_unicode_ci NOT NULL,
  `size` varchar(255) CHARACTER SET utf8mb4 COLLATE utf8mb4_unicode_ci DEFAULT NULL,
  `image1` varchar(191) COLLATE utf8mb4_unicode_ci NOT NULL,
  `image2` varchar(191) CHARACTER SET utf8mb4 COLLATE utf8mb4_unicode_ci DEFAULT NULL,
  `image3` varchar(191) CHARACTER SET utf8mb4 COLLATE utf8mb4_unicode_ci DEFAULT NULL,
  `status` int(11) NOT NULL DEFAULT '1',
  `created_at` timestamp NULL DEFAULT CURRENT_TIMESTAMP,
  `updated_at` timestamp NULL DEFAULT NULL,
  PRIMARY KEY (`id`)
) ENGINE=MyISAM AUTO_INCREMENT=16 DEFAULT CHARSET=utf8mb4 COLLATE=utf8mb4_unicode_ci;

--
-- Dumping data for table `products`
--

INSERT INTO `products` (`id`, `product_name`, `product_slug`, `product_code`, `category_id`, `price`, `description`, `size`, `image1`, `image2`, `image3`, `status`, `created_at`, `updated_at`) VALUES
(9, 'ржорж╛рж▓рзНржЯрж╛рж░ ржЪрж╛рж░рж╛', 'ржорж╛рж▓рзНржЯрж╛рж░_ржЪрж╛рж░рж╛', '611903899', 1, 400, 'ржХрзЯрзЗржХ ржмржЫрж░ ржЖржЧрзЗржУ рж▓рж╛ржнржЬржиржХ ржорж╛рж▓рзНржЯрж╛рж░ ржЖржмрж╛ржж ржирж┐рзЯрзЗ рж╢ржЩрзНржХрж╛рзЯ ржЫрж┐рж▓рзЗржи ржЭрж┐ржирж╛ржЗржжрж╣рзЗрж░ ржХрзГрж╖ржХрж░рж╛ред ржПржЦржи рж╕рзЗ рж╢ржЩрзНржХрж╛ ржХрж╛ржЯрж┐рзЯрзЗ рж▓рж╛ржнрзЗрж░ ржорзБржЦ ржжрзЗржЦрждрзЗ рж╢рзБрж░рзБ ржХрж░рзЗржЫрзЗржи рждрж╛рж░рж╛ред ржХржо ржЬрж╛рзЯржЧрж╛рзЯ ржПржмржВ ржЕрж▓рзНржк ржкрзБржБржЬрж┐рждрзЗ рж▓рж╛ржн ржмрзЗрж╢рж┐ рж╣ржУрзЯрж╛рзЯ ржорж╛рж▓рзНржЯрж╛рж░ ржмрж╛ржгрж┐ржЬрзНржпрж┐ржХ ржЖржмрж╛ржжрзЗрж░ ржжрж┐ржХрзЗ ржЭрзБржБржХржЫрзЗ ржмрзЗржХрж╛рж░ ржпрзБржмржХрж░рж╛ред\r\n\r\nржХрзГрж╖рж┐ ржмрж┐ржнрж╛ржЧ ржЬрж╛ржирж┐рзЯрзЗржЫрзЗ, ржЬрзЗрж▓рж╛рзЯ ржП ржмржЫрж░ рзмрзй рж╣рзЗржХрзНржЯрж░ ржЬржорж┐рждрзЗ ржорж╛рж▓рзНржЯрж╛рж░ ржЖржмрж╛ржж рж╣рзЯрзЗржЫрзЗред ржЖржЧрж╛ржорзАрждрзЗ ржорж╛рж▓рзНржЯрж╛ ржЪрж╛рж╖рзЗрж░ ржкрж░рж┐ржзрж┐ ржмрж╛рзЬрж╛рждрзЗ рждрж╛рж░рж╛ ржХрзГрж╖ржХржжрзЗрж░ ржЙржжрзНржмрзБржжрзНржз ржХрж░рж╛рж░ ржкрж╛рж╢рж╛ржкрж╛рж╢рж┐ ржирж┐рзЯржорж┐ржд ржкрж░рж╛ржорж░рзНрж╢ ржжрж┐рзЯрзЗ ржпрж╛ржЪрзНржЫрзЗржиред', 'рзи-рзм ржлрж┐ржЯ', 'public/frontend/images/product/1691869789858091.jpg', NULL, NULL, 1, NULL, NULL),
(8, 'ржЖржкрзЗрж▓ ржЪрж╛рж░рж╛', 'ржЖржкрзЗрж▓_ржЪрж╛рж░рж╛', '611763245', 1, 300, 'ржЖржкрзЗрж▓ ржПржХ ржкрзНрж░ржХрж╛рж░рзЗрж░ ржлрж▓ред ржПржЯрж┐ рж░рзЛрж╕рж╛рж╕рж┐ (Rosaceae) ржкрж░рж┐ржмрж╛рж░рзЗрж░ ржорзНржпрж╛рж▓рж┐ржпрж╝рж╛рж╕ ржбржорзЗрж╕рзНржЯрж┐ржХрж╛ (Malus domestica ) ржкрзНрж░ржЬрж╛рждрж┐ржнрзБржХрзНрждред ржЖржкрзЗрж▓ ржорзВрж▓ржд рждрж╛рж░ ржорж┐рж╖рзНржЯрж┐ рж╕рзНржмрж╛ржжрзЗрж░ ржЬржирзНржп ржЬржиржкрзНрж░рж┐ржпрж╝ред рж╕рж╛рж░рж╛ ржкрзГржерж┐ржмрзАржмрзНржпрж╛ржкрзА ржЖржкрзЗрж▓рзЗрж░ ржЪрж╛рж╖ рж╣ржпрж╝рзЗ ржерж╛ржХрзЗ ржПржмржВ рж╕ржмржЪрзЗржпрж╝рзЗ ржмрзЗрж╢рж┐ ржЪрж╛рж╖ржХрзГржд ржкрзНрж░ржЬрж╛рждрж┐ рж╣ржЪрзНржЫрзЗ ржЬрзЗржирж╛рж╕ ржорзНржпрж▓рзБрж╕ (genus Malus)рзз ред ржоржзрзНржп ржПрж╢рж┐ржпрж╝рж╛ржХрзЗ ржЖржкрзЗрж▓рзЗрж░ ржЙрзОржкрждрзНрждрж┐рж╕рзНржерж▓ ржоржирзЗржХрж░рж╛ рж╣ржпрж╝, ржпрзЗржЦрж╛ржирзЗ ржПржЦржиржУ рждрж╛рж░ ржкрзВрж░рзНржмрждржи ржмрзБржирзЛ ржкрзНрж░ржЬрж╛рждрж┐ ржорзНржпрж▓рзБрж╕ рж╕рж┐ржнрзЗрж░рж╕рж┐ржХрзЗ (Malus sieversii) ржжрзЗржЦрждрзЗ ржкрж╛ржУржпрж╝рж╛ ржпрж╛ржпрж╝ред рж╣рж╛ржЬрж╛рж░ рж╣рж╛ржЬрж╛рж░ ржмржЫрж░ ржзрж░рзЗ ржПрж╢рж┐ржпрж╝рж╛ ржПржмржВ ржЗржЙрж░рзЛржк ржЬрзБржбрж╝рзЗ ржЖржкрзЗрж▓рзЗрж░ ржЪрж╛рж╖ рж╣ржпрж╝рзЗ ржЖрж╕ржЫрзЗ ржПржмржВ ржЗржЙрж░рзЛржкрзАржпрж╝ ржмрж╕рждрж┐ рж╕рзНржерж╛ржкржиржХрж╛рж░рзАржжрзЗрж░ ржорж╛ржзрзНржпржорзЗ рж▓рж╛рждрж┐ржи ржЖржорзЗрж░рж┐ржХрж╛ржпрж╝ ржПрж░ ржкржжрж╛рж░рзНржкржг рж╣ржпрж╝ред ржЕржирзЗржХ рж╕ржВрж╕рзНржХрзГрждрж┐рждрзЗ ржЖржкрзЗрж▓рзЗрж░ ржзрж░рзНржорзАржпрж╝ ржПржмржВ ржкрзМрж░рж╛ржгрж┐ржХ рждрж╛рзОржкрж░рзНржп ржЖржЫрзЗ, ржПржжрзЗрж░ ржоржзрзНржпрзЗ ржирж░рзНрж╕, ржЧрзНрж░рзАржХ ржПржмржВ ржЗржЙрж░рзЛржкрзАржпрж╝рж╛ржи ржЦрзНрж░рж┐рж╕рзНржЯрзАржпрж╝ ржРрждрж┐рж╣рзНржп ржЕржирзНржпрждржоред рж╕рж╛ржзрж╛рж░ржгржд ржЖржкрзЗрж▓рзЗрж░ ржЬрж╛рждржЧрзБрж▓рж┐ ржорзВрж▓рзЗрж░ ржХрж▓ржорзЗрж░ ржорж╛ржзрзНржпржорзЗ рждрзИрж░рж┐ ржХрж░рж╛ рж╣ржпрж╝, ржпрж╛ ржлрж▓рж╕рзНржмрж░рзВржк ржЧрж╛ржЫрзЗрж░ ржЖржХрж╛рж░ ржирж┐ржпрж╝ржирзНрждрзНрж░ржг ржХрж░рзЗред ржЖржкрзЗрж▓рзЗрж░ ржкрзНрж░рж╛ржпрж╝ рзн,рзлрзжрзж ржЯрж┐рж░ ржмрзЗрж╢рж┐ ржкрж░рж┐ржЪрж┐ржд ржЬрж╛ржд рж░ржпрж╝рзЗржЫрзЗ', 'рзи-рзл ржлрж┐ржЯ', 'public/frontend/images/product/1691869433971976.jpg', NULL, NULL, 1, NULL, NULL),
(10, 'рж▓рзЗржмрзБ', 'рж▓рзЗржмрзБ', '611904056', 1, 25, 'ржЕржирзЗржХрзЗржЗ рж╕рзНржмржкрзНржи ржжрзЗржЦржЫрзЗржи ржХрж┐ржнрж╛ржмрзЗ #ржЙржжрзНржпрзЛржХрзНрждрж╛ рж╣ржмрзЗржи, ржХрж┐ ржирж┐рзЯрзЗ ржХрж╛ржЬ ржХрж░ржмрзЗржи??\r\nрждрж╛ржжрзЗрж░ рж╕рзНржмржкрзНржи ржкрзБрж░ржгрзЗрж░ рж▓ржХрзНрж╖рзЗ ржЖржорж┐ ржЖржорж╛рж░ ржмрж╛рж╕рзНрждржм ржЕржнрж┐ржЬрзНржЮрждрж╛ ржЖржкржирж╛ржжрзЗрж░ ржХрж╛ржЫрзЗ рждрзБрж▓рзЗ ржзрж░ржЫрж┐ред \r\nтЬЕржЖржорж┐ ржкрзНрж░ржержорзЗ ржЫрзЛржЯ рж╕рзНржмржкрзНржи ржирж┐рзЯрзЗ #рж╕рзАржбрж▓рзЗрж╕ ржЪрж╛рзЯржирж╛3 рззрзи ржорж╛рж╕рж┐ рж▓рзЗржмрзБрж░ ржПржХржЯрж╛ ржмрж╛ржЧрж╛ржи ржХрж░рж┐ред\r\nржХрж▓ржо ржорж╛ржЯрж┐рждрзЗ рж▓рж╛ржЧрж╛ржирзЛрж░ рзи рж╕ржкрзНрждрж╛рж╣рзЗрж░ ржоржзрзНржпрзЗ ржирждрзБржи ржбрж╛рж▓ ржкрж╛рж▓рж╛ ржЖрж╕рж╛ рж╢рзБрж░рзБ ржХрж░рж▓, рждрж╛рж░ ржоржзрзНржп ржжрж┐рзЯрзЗ ржЖржорж╛рж░ рж╕рзНржмржкрзНржи ржУ ржмрж╛рж╕рзНрждржмрзЗ рж░рзБржк ржирж┐рждрзЗ ржерж╛ржХрж▓ред ржжрзНрж░рзБржд ржЧрж╛ржЫ ржмрж╛рзЬрждрзЗ ржерж╛ржХрж╛рзЯ ржЖржорж┐ ржкрзНрж░рж╛рзЯ рзк ржорж╛рж╕рзЗ ржлрзБрж▓ ржПржмржВ рзм ржорж╛рж╕ ржкрж░ ржерзЗржХрзЗржЗ #рж▓рзЗржмрзБ ржкрж╛ржУрзЯрж╛ рж╢рзБрж░рзБ ржХрж░рзЗржЫрж┐рж▓рж╛ржоред рзм ржорж╛рж╕рзЗ ржкрзНрж░рж╛рзЯ рзпрзл% ржЧрж╛ржЫрзЗ ржлрж▓ ржЪрж▓рзЗ ржЖрж╕рж▓ ржПржмржВ ржпрж╛рж░ ржлрж▓ржи ржжрж┐ржи ржжрж┐ржи ржмрж╛рзЬрждрзЗ ржерж╛ржХрж▓ред ржмрж╛ржЬрж╛рж░рзЗ ржкрзНрж░ржЪрзБрж░ ржЪрж╛рж╣рж┐ржжрж╛ ржерж╛ржХрж╛рзЯ ржнрж╛рж▓ ржжрж╛ржо ржУ ржкрзЗрж▓рж╛ржоред ржПржХржЗ ржнрж╛ржмрзЗ рж╢рзБржзрзБ ржЖржорж┐ ржирж╛ ржЖржорж╛рж░ рж╕ржЦрж┐ржкрзБрж░рзЗ  ржЖрж░ ржХрж┐ржЫрзБ ржорж╛ржирзБрж╖ ржЖржЫрзЗржи ржпрж╛рж░рж╛ рж╕рзАржбрж▓рзЗрж╕ рж▓рзЗржмрзБ ржЪрж╛рж╖ ржХрж░рзЗ ржирж┐ржЬрзЗржжрзЗрж░ ржнрж╛ржЧрзНржп ржкрж░рж┐ржмрж░рзНрждржи ржХрж░рзЗржЫрзЗржиред\r\nржЖрж░ ржПржЗ рж╕ржлрж▓рждрж╛рж░ ржЧрж▓рзНржк #ржмрж╛ржВрж▓рж╛ржнрж┐рж╢ржи рж╕рж╣ ржмрзЗрж╢ ржХрж┐ржЫрзБ ржЯрзЗрж▓рж┐ржнрж┐рж╢ржи ржЪрзНржпрж╛ржирзЗрж▓рзЗрж░ ржорж╛ржзрзНржпржорзЗ рж╕рж╛рж░рж╛ ржмрж╛ржВрж▓рж╛ржжрзЗрж╢рзЗ ржЫрзЬрж┐рзЯрзЗ ржкрж░рзЗред\r\nтЬЕржмрзЗржХрж╛рж░ рждрж░рзБржгржжрзЗрж░ ржЬржирзНржп рж╕рзАржбрж▓рзЗрж╕ #ржЪрж╛рзЯржирж╛3 рззрзи ржорж╛рж╕рж┐ рж▓рзЗржмрзБрж░ ржЪрж╛рж╖ ржХрзЗржи ржЙрждрзНрждржотЭУ\r\nтЬЕрж╕рзАржбрж▓рзЗрж╕ ржЪрж╛рзЯржирж╛3 рззрзи ржорж╛рж╕рж┐ рж▓рзЗржмрзБрж░ ржмрзИрж╢рж┐рж╖рзНржЯ ржХрж┐тЭУ\r\nтПйржПржХржЯрж┐ ржЧрж╛ржЫрзЗ ржПржХржЗ рж╕ржорзЯрзЗ ржлрзБрж▓, ржЦрж╛ржУрзЯрж╛рж░ ржЕрж░рзНржз ржЙржкржпрзБржХрзНржд, ржЙржкржпрзБржХрзНржд, ржкрж╛ржХрж╛ ржлрж▓ ржерж╛ржХржмрзЗред\r\nтПйрзк ржерзЗржХрзЗ рзм ржорж╛рж╕ ржПрж░ ржоржзрзНржпрзЗ рж▓рзЗржмрзБ ржкрж╛ржУрзЯрж╛ ржпрж╛рзЯред\r\nтПйрж╕рзАржбрж▓рзЗрж╕ рж▓рзЗржмрзБрждрзЗ ржмрж┐ржЪрж┐ ржерж╛ржХрзЗржирж╛ред\r\nтПйржжрзЗрж╢рж┐ рж▓рзЗржмрзБрж░ ржерзЗржХрзЗ рж╕рзАржбрж▓рзЗрж╕ рж▓рзЗржмрзБ ржЖржХрж╛рж░рзЗ ржПржХржЯрзБ ржмрзЬред\r\nтПйржПржХ ржерзЛржХрж╛рзЯ рзл ржерзЗржХрзЗ рззрзж ржЯрж┐ рж▓рзЗржмрзБ ржзрж░рзЗред\r\nтПйржЧрж╛ржЫ ржнрж░рзНрждрж┐ рж▓рзЗржмрзБ ржерж╛ржХрзЗред\r\nтПйрж╕рж╛рж░рж╛ ржмржЫрж░ рж▓рзЗржмрзБ ржзрж░рзЗред\r\nтПйрж╕рзБржирзНржжрж░ ржШрзНрж░рж╛ржг ржУ ржкрзНрж░ржЪрзБрж░ рж░рж╕ рж╣рзЯ рждрж╛ржЗ ржмрж╛ржЬрж╛рж░рзЗ ржЪрж╛рж╣рж┐ржжрж╛ ржмрзЗрж╢рж┐ред\r\nтПйрззрзж ржерзЗржХрзЗ рззрзл ржмржЫрж░ ржкрж░рзНржпржирзНржд ржлрж▓ржи ржкрж╛ржУрзЯрж╛ ржпрж╛рзЯред\r\nтПйржкрзНрж░ржЬрзЗржХрзНржЯ ржЦрж░ржЪ ржЦрзБржмрж┐ ржХржоред рззрзжрзж ржЪрж╛рж░рж╛рж░ ржЫрзЛржЯ ржмрж╛ржЧрж╛ржирзЗрж░ ржЬржирзНржп рзй ржерзЗржХрзЗ рзк рж╣рж╛ржЬрж╛рж░ ржЯрж╛ржХрж╛ ржпржерзЗрж╖рзНржЯред\r\nтЬЕтЬЕржЗржиржХрж╛ржорзЗрж░ ржорзВрж▓ ржЙрзОрж╕ рж╣рж▓ рж▓рзЗржмрзБ ржПржмржВ ржХрж▓ржо ржЪрж╛рж░рж╛ ржмрж┐ржХрзНрж░рзЯред\r\nтЬЕржЪрж╛рж░рж╛рж░ ржЬржирзНржп ржпрзЛржЧрж╛ржпрзЛржЧржГ\r\nЁЯСоржорзЛржГ ржЖржмрзНржжрзБрж▓рзНрж▓рж╛рж╣ ржЖрж▓ рж╢рж╛рж╣рж┐ржи\r\n#ржЪрж╛рж░рж╛рж░_ржжрж╛ржоржГ ржорж╛рждрзНрж░ рзирзл ржЯрж╛ржХрж╛ ржкрж┐рж╕', '250 inch', 'public/frontend/images/product/1691870010613950.JPG', NULL, NULL, 1, '2021-02-16 18:00:00', NULL),
(11, 'ржерж╛ржЗ ржкрзЗрзЯрж╛рж░рж╛', 'ржерж╛ржЗ_ржкрзЗрзЯрж╛рж░рж╛', '613149636', 1, 250, 'ржЫржмрж┐рждрзЗ #ржерж╛ржЗ_ржкрзЗрзЯрж╛рж░рж╛ред\r\n#ржЫрж╛ржж_ржмрж╛ржЧрж╛ржирзЗрж░ ржЬржирзНржп ржЦрзБржмржЗ ржЙржкржпрзЛржЧрзАред\r\n#ржкрзЗржпрж╝рж╛рж░рж╛ ржЖржорж╛ржжрзЗрж░ ржжрзЗрж╢рзЗ ржПржХржЯрж┐ ржЕрждрж┐ ржкрж░рж┐ржЪрж┐ржд ржУ ржЬржиржкрзНрж░рж┐ржпрж╝ ржлрж▓ред ржПржЯрж┐ ржПржХржЯрж┐ ржжрзНрж░рзБржд ржмрж░рзНржзржгрж╢рзАрж▓ рззрзи ржорж╛рж╕рж┐ ржлрж▓ред ржЖржорж╛ржжрзЗрж░ ржжрзЗрж╢рзЗ ржХржо ржмрзЗрж╢рзА рж╕ржм ржЕржЮрзНржЪрж▓рзЗ ржП ржлрж▓рзЗрж░ ржЪрж╛рж╖ ржХрж░рж╛ рж╣ржпрж╝ред ржкрзЗржпрж╝рж╛рж░рж╛рж░ ржоржзрзНржпрзЗ ржерж╛ржЗ ржкрзЗржпрж╝рж╛рж░рж╛ ржЦрзЗрждрзЗ ржЦрзБржмржЗ ржоржЬрж╛ржжрж╛рж░ ржУ рж╕рзБрж╕рзНржмрж╛ржжрзБред\r\nржкрзЗржпрж╝рж╛рж░рж╛рж░ ржкрзБрж╖рзНржЯрж┐ржЧрзБржгржГ\r\nржкрзЗржпрж╝рж╛рж░рж╛ ржнрж┐ржЯрж╛ржорж┐ржи ┬┤рж╕рж┐┬┤ рж╕ржорзГржжрзНржз ржПржХржЯрж┐ ржлрж▓ред ржП ржЫрж╛ржбрж╝рж╛ ржкрзЗржпрж╝рж╛рж░рж╛рждрзЗ ржкрзНрж░ржЪрзБрж░ ржкрж░рж┐ржорж╛ржи ржнрж┐ржЯрж╛ржорж┐ржи-ржмрж┐ ржУ ржкрзНрж░ржпрж╝рзЛржЬржирзАржпрж╝ ржЦржирж┐ржЬ ржкржжрж╛рж░рзНрже ржпрзЗржоржи- ржХрзНржпрж╛рж▓рж╢рж┐ржпрж╝рж╛ржо ржУ ржЖржпрж╝рж░ржг рж░ржпрж╝рзЗржЫрзЗред ржкрзЗржпрж╝рж╛рж░рж╛ ржХрж╛ржБржЪрж╛ ржУ ржкрж╛ржХрж╛ ржЙржнржпрж╝ ржЕржмрж╕рзНржерж╛ржпрж╝ ржЦрж╛ржУржпрж╝рж╛ ржпрж╛ржпрж╝ред ржПржЫрж╛ржбрж╝рж╛ ржкрзЗржпрж╝рж╛рж░рж╛ржпрж╝ ржпржерзЗрж╖рзНржЯ ржкрж░рж┐ржорж╛ржгрзЗ ржкрзЗржХржЯрж┐ржи ржерж╛ржХрж╛ржпрж╝ ржП ржерзЗржХрзЗ рж╕рж╣ржЬрзЗржЗ ржЬрзНржпрж╛ржо, ржЬрзЗрж▓рзА, ржЪрж╛ржЯржирзА ржЗрждрзНржпрж╛ржжрж┐ ржорзБржЦрж░рзЛржЪржХ ржЦрж╛ржмрж╛рж░ рждрзИрж░рзА ржХрж░рж╛ ржпрж╛ржпрж╝редржПржЫрж╛рзЬрж╛, ржкрж┐рзЯрж╛рж░рж╛ ржкрж╛рждрж╛рж░ ржоржзрзНржпрзЗ ржУ рж░рзЯрзЗржЫрзЗ ржирж╛ржирж╛ рж░ржХржо ржкрзБрж╖рзНржЯрж┐ржЧрзБржиред\r\nржЙржкрж░рзЗ ржЙрж▓рзНрж▓рзЗржХрзНрж╖рж┐ржд рж▓ржХрзНрж╖рзНржп ржЙржжрзЗрж╢рзНржп ржХрзЗ рж╕рж╛ржоржирзЗ рж░рзЗржЦрзЗ Nagardhara-ржиржЧрж░ржзрж╛рж░рж╛ ржорж╛ржзрзНржпржорзЗ ржЖржорж░рж╛ ржХрж╛ржЬ ржХрж░рзЗ ржпрж╛ржЪрзНржЫрж┐ ржмрж┐ржнрж┐ржирзНржи ржзрж░ржирзЗрж░ ржлрж▓рзЗрж░ ржЪрж╛рж░рж╛ ржЧрж╛ржЫ ржирж┐рзЯрзЗред\r\nржпрзЗржоржи,ржЖржо,рж▓рж┐ржЪрзБ,ржкрзЗрзЯрж╛рж░рж╛,ржЖрждрж╛,ржЪрзЗрж░рж┐,рж▓ржЯржХржи,,ржорж╛рж▓рзНржЯрж╛,ржирж╛рж░ржХрзЗрж▓,ржЪрж╛рж▓рждрж╛,ржЖржорзЬрж╛,рж╕ржлрзЗржжрж╛ ржЗрждрзНржпрж╛ржжрж┐редрж╕рзНржмржкрзНржи ржжрзЗржЦрж┐ ржЖржорж╛ржжрзЗрж░  рж╣рж╛ржд ржзрж░рзЗ  ржПржЗ   ржЗржЯ ржкрж╛ржерж░рзЗрж░ рж╢рж╣рзЬрзЗрж░ ржкрзНрж░рждрж┐ржЯрж┐ ржЫрж╛ржж ,ржмрж╕ржд ржмрж╛рзЬрж┐рж░ ржЖржЩрзНржЧрж┐ржирж╛ ржлрзБрж▓рзЗ ржлрж▓рзЗ, ржкрж╛ржЦрж┐рж░ ржХрж▓ ржХрж╛ржХрж▓рж┐рждрзЗ ржорзБржЦрж░рж┐ржд рж╣рзЯрзЗ ржЙржаржмрзЗред\r\nтЬЕ\" ржЧрж╛ржЫ рж▓рж╛ржЧрж╛ржи, ржиржЧрж░ ржмрж╛ржБржЪрж╛ржи\"\r\n  ржиржЧрж░ржзрж╛рж░рж╛ред\r\nтЬЕржорзВрж▓рзНржпржГ рзирзлрзжрз│ ржкрж┐рж╕ (ржлрж▓ рж╕рж╣)', 'рзи-рзл ржлрж┐ржЯ', 'public/frontend/images/product/1691870303525773.jpg', NULL, NULL, 1, '2021-02-12 17:07:15', NULL),
(12, 'ржЪрж╛рзЯржирж╛ ржерзНрж░рж┐ рж▓рж┐ржЪрзБ', 'ржЪрж╛рзЯржирж╛_ржерзНрж░рж┐_рж▓рж┐ржЪрзБ', '613161600', 1, 350, 'ржЪрж╛ржпрж╝ржирж╛ рзй (ржЗржВрж░рзЗржЬрж┐: China 3) рж▓рж┐ржЪрзБ ржлрж▓рзЗрж░ ржПржХржЯрж┐ ржкрзНрж░ржХрж╛рж░ржнрзЗржж рж╣рж▓ ржЪрж╛ржпрж╝ржирж╛ рзйред[рзз][рзи] ржмрж┐ржЬрзНржЮрж╛ржирзАрж░рж╛ ржирж╛ржирж╛ ржЬрж╛рждрзЗрж░ рж▓рж┐ржЪрзБ ржЙржжрзНржнрж╛ржмржи ржХрж░рзЗржЫрзЗржи, рждрж╛рж░ ржоржзрзНржпрзЗ \'ржЪрж╛ржпрж╝ржирж╛ рзй\' ржЬрж╛ржд рж░ржпрж╝рзЗржЫрзЗред[рзй][рзк][рзл] ржЪрж╛ржпрж╝ржирж╛-рзй рж▓рж┐ржЪрзБржЯрж┐ ржмрж╛рж░рж┐ рж▓рж┐ржЪрзБ-рзй ржирж╛ржорзЗржУ ржкрж░рж┐ржЪрж┐рждред ржПржЯрж┐ ржПржХржЯрж┐ ржирж╛ржмрзА (рж╕ржмрж╢рзЗрж╖рзЗ ржкрж╛ржУржпрж╝рж╛ ржпрж╛ржпрж╝) ржЬрж╛рждрзЗрж░ рж▓рж┐ржЪрзБ ржПржмржВ рж▓рж┐ржЪрзБрж░ рж╕ржХрж▓ ржЬрж╛рждрзЗрж░ ржоржзрзНржпрзЗ ржЖржХрж╛рж░, ржХрзЛрж╖рзЗрж░ ржЧржбрж╝ржи ржПржмржВ рж╕рзНржмрж╛ржжрзЗрж░ ржмрж┐ржЪрж╛рж░рзЗ ржмрж░рзНрждржорж╛ржирзЗ ржПржЯрж┐ржЗ ржмрж╛ржВрж▓рж╛ржжрзЗрж╢рзЗрж░ рж╕ржмржЪрзЗржпрж╝рзЗ ржЙржирзНржиржд ржЬрж╛рждред[рзм][рзн] ржжрзЗрж╢рзЗрж░ ржЙрждрзНрждрж╛рж░рж╛ржЮрзНржЪрж▓рзЗ ржП ржЬрж╛рждржЯрж┐ ржЪрж╛рж╖рзЗрж░ ржЬржирзНржп ржмрж┐рж╢рзЗрж╖ ржЙржкржпрзЛржЧрзАред', 'рзи-рзм ржлрж┐ржЯ', 'public/frontend/images/product/1691870520429474.jpg', NULL, NULL, 1, '2021-02-12 20:26:39', NULL),
(13, 'ржЧрж╛ржЗржмрж╛ржирзНржзрж╛ ржХрзГрж╖рж┐ ржмрж┐ржнрж╛ржЧрзЗрж░ ржЙржк ржкрж░рж┐ржЪрж╛рж▓ржХ', 'ржЧрж╛ржЗржмрж╛ржирзНржзрж╛_ржХрзГрж╖рж┐_ржмрж┐ржнрж╛ржЧрзЗрж░_ржЙржк_ржкрж░рж┐ржЪрж╛рж▓ржХ', '613161644', 3, 1500, 'ржЖржЬрж╛ржжрзБрж▓ ржЗрж╕рж▓рж╛ржо ржмрж▓рзЗржи, ржПржХ ржмрж┐ржШрж╛ ржЬржорж┐рждрзЗ ржкрзНрж░рж╛рзЯ рззрзжрзж рж▓рзЗржмрзБ ржЧрж╛ржЫ рж░рзЯрзЗржЫрзЗред ржПржЯрж┐ ржерзЗржХрзЗ ржмржЫрж░ржЬрзБрзЬрзЗржЗ ржлрж▓ ржЖрж╕рзЗред рждржмрзЗ ржорзЗ-ржЬрзБржи ржорж╛рж╕рзЗ ржПрж░ ржнрж░рж╛ ржорзМрж╕рзБржоред ржП ржжрзБржЗ ржорж╛рж╕рзЗ ржкрзНрж░ржЪрзБрж░ ржкрж░рж┐ржорж╛ржг рж▓рзЗржмрзБ ржЙрзОржкрж╛ржжржи рж╣рзЯред ржЧрзЬрзЗ ржмрж╛рж░рзНрж╖рж┐ржХ рзмрзж ржерзЗржХрзЗ рзмрзл рж╣рж╛ржЬрж╛рж░ ржЯрж╛ржХрж╛ рж▓рзЗржмрзБ ржмрж┐ржХрзНрж░рж┐ ржХрж░рж╛ рж╣ржЪрзНржЫрзЗ ред ржЦрж░ржЪ рж╣рзЯ ржкрзНрж░рж╛рзЯ рззрзи ржерзЗржХрзЗ рззрзл рж╣рж╛ржЬрж╛рж░ ржЯрж╛ржХрж╛ред', '23 inch', 'public/frontend/images/product/1691522583003770.jpg', NULL, NULL, 1, '2021-02-12 20:27:23', NULL),
(14, 'ржнрж┐рзЯрзЗрждржирж╛ржо ржирж╛рж░ржХрзЗрж▓', 'ржнрж┐рзЯрзЗрждржирж╛ржо_ржирж╛рж░ржХрзЗрж▓', '613161717', 1, 1000, 'ржирж╛рж░рж┐ржХрзЗрж▓ ржмрж╛ржВрж▓рж╛ржжрзЗрж╢рзЗрж░ ржЕржирзНржпрждржо ржкрзНрж░ржзрж╛ржи ржЕрж░рзНржержХрж░рзА ржлрж╕рж▓ред ржмрзНржпржмрж╣рж╛рж░ ржмрзИржЪрж┐рждрзНрж░рзНржпрзЗ ржПржЯрж┐ ржПржХржЯрж┐ ржЕрждрзБрж▓ржирзАрзЯ ржЙржжрзНржнрж┐ржжред рждржмрзЗ ржЖржорж╛ржжрзЗрж░ ржжрзЗрж╢рзЗ ржмрж░рзНрждржорж╛ржирзЗ ржпрзЗ ржкрзНрж░ржЪрж▓рж┐ржд ржирж╛рж░рж┐ржХрзЗрж▓ржЧрзБрж▓рзЛ рж░рзЯрзЗржЫрзЗ рждрж╛ ржерзЗржХрзЗ ржлрж▓ржи ржкрзЗрждрзЗ рж╕рзНржмрж╛ржнрж╛ржмрж┐ржХржнрж╛ржмрзЗ рзн ржерзЗржХрзЗ рзо ржмржЫрж░ рж╕ржорзЯ рж▓рж╛ржЧрзЗред рждрж╛ржЗ ржирж╛рж░рж┐ржХрзЗрж▓рзЗрж░ ржлрж▓ржи ржпрж╛рждрзЗ рждрж╛рзЬрж╛рждрж╛рзЬрж┐ ржкрж╛ржУрзЯрж╛ ржпрж╛рзЯ рждрж╛ржЗ ржирждрзБржи ржП тАШржбрж┐ржЬрзЗ рж╕ржорзНржкрзВрж░рзНржг ржбрзЛрзЯрж╛рж░рзНржл (ржЦрж╛ржЯрзЛ)тАЩ ржЬрж╛рждрзЗрж░ ржирж╛рж░рж┐ржХрзЗрж▓ ржЖржмрж╛ржжрзЗрж░ ржмрзНржпрж╛ржкрж╛рж░рзЗ ржЬрзЛрж░ ржжрзЗрзЯрж╛ рж╣ржЪрзНржЫрзЗред ржирждрзБржи ржЬрж╛рждрзЗрж░ ржП ржирж╛рж░рж┐ржХрзЗрж▓ ржЧрж╛ржЫ ржерзЗржХрзЗ ржпржерж╛ржпрже ржкрж░рж┐ржЪрж░рзНржпрж╛ ржХрж░рж▓рзЗ рзирзо ржорж╛рж╕рзЗржЗ ржлрж▓ржи ржЖрж╕ржмрзЗред ржлрж▓ржирзЗрж░ ржкрж░рж┐ржорж╛ржг ржЖржорж╛ржжрзЗрж░ ржжрзЗрж╢рзЗрж░ ржЬрж╛рждрзЗрж░ ржерзЗржХрзЗ ржкрзНрж░рж╛рзЯ рждрж┐ржиржЧрзБржгред ржЙржкржпрзБржХрзНржд ржкрж░рж┐ржЪрж░рзНржпрж╛ ржХрж░рж▓рзЗ ржкрзНрж░рждрж┐ ржмржЫрж░ ржкрзНрж░рж╛рзЯ рзирзлрзжржЯрж┐ ржирж╛рж░рж┐ржХрзЗрж▓ ржкрж╛ржУрзЯрж╛ ржпрж╛рзЯред ржЙржирзНржиржд ржП ржЬрж╛рждрзЗрж░ рж╕ржорзНржкрзНрж░рж╕рж╛рж░ржг ржХрж░рж╛ ржЧрзЗрж▓рзЗ ржЖржорж╛ржжрзЗрж░ ржжрзЗрж╢рзЗрж░ ржирж╛рж░рж┐ржХрзЗрж▓рзЗрж░ ржЙрзОржкрж╛ржжржи ржкрзНрж░рж╛рзЯ рзй ржЧрзБржг ржмрзГржжрзНржзрж┐ ржкрж╛ржмрзЗред', 'рзи-рзм ржлрж┐ржЯ', 'public/frontend/images/product/1691522660340159.jpg', NULL, NULL, 1, '2021-02-12 20:28:37', NULL),
(15, 'рззрзи ржорж╛рж╕рж┐ ржЖржорзЬрж╛', 'рззрзи_ржорж╛рж╕рж┐_ржЖржорзЬрж╛', '613401831', 1, 300, 'ржЖржоржбрж╝рж╛ ржЗржВрж░рзЗржЬрж┐рждрзЗ Hog Plum ржПржХржкрзНрж░ржХрж╛рж░ ржлрж▓ ржпрж╛ ржорж╛ржЭрж╛рж░рж┐ ржЖржХрж╛рж░рзЗрж░ ржкрж░рзНржгржорзЛржЪрзА ржмрзГржХрзНрж╖рзЗ ржлрж▓рзЗред ржмрзИржЬрзНржЮрж╛ржирж┐ржХ ржирж╛ржо Spondias pinnaata Kurz \r\nржлрж▓ ржнрж┐ржЯрж╛ржорж┐ржи-рж╕рж┐-рж╕ржорзГржжрзНржз (ржкрзНрж░рждрж┐ рззрзжрзж ржЧрзНрж░рж╛ржо ржЖржоржбрж╝рж╛ржпрж╝ рзирзж ржорж┐рж▓рж┐ржЧрзНрж░рж╛ржо ржкрж╛ржУржпрж╝рж╛ ржпрж╛ржпрж╝)ред\r\nржХрзЛрж╖рзНржаржХрж╛ржарж┐ржирзНржп ржжрзВрж░ ржХрж░рзЗ ржУржЬржи ржХржорж╛рждрзЗ рж╕рж╣рж╛ржпрж╝рждрж╛ ржХрж░рзЗред\r\nрж░ржХрзНрждрзЗрж░ ржХрзЛрж▓рзЗрж╕рзНржЯрзЗрж░рж▓рзЗрж░ ржорж╛рждрзНрж░рж╛ ржХржорж╛ржпрж╝ред\r\nржЕрзНржпрж╛ржирзНржЯрж┐-ржЕржХрзНрж╕рж┐ржбрзЗржирзНржЯржЬрж╛рждрзАржпрж╝ ржЙржкрж╛ржжрж╛ржи ржерж╛ржХрж╛ржпрж╝ ржЖржоржбрж╝рж╛ ржмрж╛рж░рзНржзржХрзНржпржХрзЗ ржкрзНрж░рждрж┐рж╣ржд ржХрж░рзЗред\r\nржЖржоржбрж╝рж╛рждрзЗ ржкрзНрж░ржЪрзБрж░ ржЖржпрж╝рж░ржи ржерж╛ржХрж╛ржпрж╝ рж░ржХрзНрждрж╕рж▓рзНржкрждрж╛ ржжрзВрж░ ржХрж░рждрзЗ ржмрзЗрж╢ ржХрж╛рж░рзНржпржХрж░ред\r\nржЖржоржбрж╝рж╛ ржЦрзЗрж▓рзЗ ржорзБржЦрзЗрж░ ржЕрж░рзБржЪрж┐ржнрж╛ржм ржжрзВрж░ рж╣ржпрж╝ред', 'рзи-рзм ржлрж┐ржЯ', 'public/frontend/images/product/1691870678969017.jpg', NULL, NULL, 1, '2021-02-15 15:10:30', NULL);

-- --------------------------------------------------------

--
-- Table structure for table `shippings`
--

DROP TABLE IF EXISTS `shippings`;
CREATE TABLE IF NOT EXISTS `shippings` (
  `id` bigint(20) UNSIGNED NOT NULL AUTO_INCREMENT,
  `user_id` int(11) NOT NULL COMMENT 'user_id=customer_id',
  `name` varchar(191) COLLATE utf8mb4_unicode_ci NOT NULL,
  `email` varchar(191) COLLATE utf8mb4_unicode_ci DEFAULT NULL,
  `mobile_no` varchar(191) COLLATE utf8mb4_unicode_ci NOT NULL,
  `address` varchar(191) COLLATE utf8mb4_unicode_ci NOT NULL,
  `created_at` timestamp NULL DEFAULT NULL,
  `updated_at` timestamp NULL DEFAULT NULL,
  PRIMARY KEY (`id`)
) ENGINE=MyISAM AUTO_INCREMENT=67 DEFAULT CHARSET=utf8mb4 COLLATE=utf8mb4_unicode_ci;

--
-- Dumping data for table `shippings`
--

INSERT INTO `shippings` (`id`, `user_id`, `name`, `email`, `mobile_no`, `address`, `created_at`, `updated_at`) VALUES
(66, 10, 'Aminul islam peal', 'pealrana63@gmail.com', '01785266455', 'asfdasdf', '2021-04-01 22:44:36', '2021-04-01 22:44:36');

-- --------------------------------------------------------

--
-- Table structure for table `sliders`
--

DROP TABLE IF EXISTS `sliders`;
CREATE TABLE IF NOT EXISTS `sliders` (
  `id` bigint(20) UNSIGNED NOT NULL AUTO_INCREMENT,
  `title` varchar(191) COLLATE utf8mb4_unicode_ci NOT NULL,
  `description` varchar(191) COLLATE utf8mb4_unicode_ci NOT NULL,
  `image` varchar(191) COLLATE utf8mb4_unicode_ci NOT NULL,
  `status` varchar(191) COLLATE utf8mb4_unicode_ci NOT NULL DEFAULT '1',
  `created_at` timestamp NULL DEFAULT NULL,
  `updated_at` timestamp NULL DEFAULT NULL,
  PRIMARY KEY (`id`)
) ENGINE=MyISAM AUTO_INCREMENT=3 DEFAULT CHARSET=utf8mb4 COLLATE=utf8mb4_unicode_ci;

--
-- Dumping data for table `sliders`
--

INSERT INTO `sliders` (`id`, `title`, `description`, `image`, `status`, `created_at`, `updated_at`) VALUES
(1, 'ржЪрж╛рж░рж╛ржЧрж╛ржЫ ржЙрзОржкрж╛ржжржи ржерзЗржХрзЗ рж╢рзБрж░рзБ ржХрж░рзЗ', 'ржЪрж╛рж░рж╛ржЧрж╛ржЫ ржЙрзОржкрж╛ржжржи ржерзЗржХрзЗ рж╢рзБрж░рзБ ржХрж░рзЗ ржЪрж╛рж░рж╛ржЧрж╛ржЫ ржЙрзОржкрж╛ржжржи ржерзЗржХрзЗ рж╢рзБрж░рзБ ржХрж░рзЗ', 'public/frontend/images/slider/1687918739797176.jpg', '1', '2021-01-03 19:45:50', '2021-01-03 19:45:50'),
(2, 'ржмрж╛рж╕рж╛ржпрж╝ ржЫрзЛржЯ ржмрж╛ржЧрж╛ржи ржХрж░рж╛ ржкрзНрж░ржмржгрждрж╛', 'ржмрж╛рж╕рж╛ржпрж╝ ржЫрзЛржЯ ржмрж╛ржЧрж╛ржи ржХрж░рж╛ ржкрзНрж░ржмржгрждрж╛ ржмрж╛ржбрж╝ржЫрзЗ ржмрж▓рзЗ ржЬрж╛ржирж┐ржпрж╝рзЗржЫрзЗ рж░ржпрж╝рзНржпрж╛рж▓ рж╣рж░рзНржЯрж┐ржХрж╛рж▓ржЪрж╛рж░рж╛рж▓ рж╕рзЛрж╕рж╛ржЗржЯрж┐ (ржЖрж░ржПржЗржЪржПрж╕), ржпрж╛ рзирзжрззрзо рж╕рж╛рж▓рзЗрж░ рждрзБрж▓ржирж╛ржпрж╝ рзирзжрззрзп рж╕рж╛рж▓рзЗрж░ рж╢рзЗрж╖ ржЫржпрж╝ржорж╛рж╕рзЗ ржкрзНрж░рж╛ржпрж╝ рзмрзжрж╢рждрж╛ржВрж╢ ржмрзЗржбрж╝рзЗржЫрзЗред', 'public/frontend/images/slider/1687918783030567.jpg', '1', '2021-01-03 19:46:31', '2021-01-03 19:46:31');

-- --------------------------------------------------------

--
-- Table structure for table `social_media`
--

DROP TABLE IF EXISTS `social_media`;
CREATE TABLE IF NOT EXISTS `social_media` (
  `id` bigint(20) UNSIGNED NOT NULL AUTO_INCREMENT,
  `created_at` timestamp NULL DEFAULT NULL,
  `updated_at` timestamp NULL DEFAULT NULL,
  PRIMARY KEY (`id`)
) ENGINE=MyISAM DEFAULT CHARSET=utf8mb4 COLLATE=utf8mb4_unicode_ci;

-- --------------------------------------------------------

--
-- Table structure for table `sub_categories`
--

DROP TABLE IF EXISTS `sub_categories`;
CREATE TABLE IF NOT EXISTS `sub_categories` (
  `id` bigint(20) UNSIGNED NOT NULL AUTO_INCREMENT,
  `category_id` int(11) NOT NULL,
  `sub_category_name` varchar(191) COLLATE utf8mb4_unicode_ci NOT NULL,
  `status` int(11) NOT NULL DEFAULT '1',
  `created_at` timestamp NULL DEFAULT NULL,
  `updated_at` timestamp NULL DEFAULT NULL,
  PRIMARY KEY (`id`)
) ENGINE=MyISAM AUTO_INCREMENT=47 DEFAULT CHARSET=utf8mb4 COLLATE=utf8mb4_unicode_ci;

--
-- Dumping data for table `sub_categories`
--

INSERT INTO `sub_categories` (`id`, `category_id`, `sub_category_name`, `status`, `created_at`, `updated_at`) VALUES
(2, 1, 'ржЖржо', 1, NULL, NULL),
(3, 1, 'ржЬрж╛ржо', 1, NULL, NULL),
(4, 1, 'ржХржорж▓рж╛', 1, NULL, NULL),
(5, 1, 'ржорж╛рж▓ржЯрж╛', 1, NULL, NULL),
(6, 1, 'ржЪрж╛рзЯржирж╛ 3 рж▓рж┐ржЪрзБ', 1, NULL, NULL),
(7, 2, 'ржЧрзЛрж▓рж╛ржк', 1, NULL, NULL),
(8, 2, 'рж░рзЗржЗржи рж▓рж┐рж▓рж┐ржБ', 1, NULL, NULL),
(9, 2, 'ржЬржмрж╛', 1, NULL, NULL),
(10, 2, 'ржмрзЗрж▓рзА', 1, NULL, NULL),
(11, 1, 'ржЖржорзЬрж╛', 1, NULL, NULL),
(12, 1, 'рж╕ржлрзЗржжрж╛', 1, NULL, NULL),
(13, 1, 'рж╕рзБржЗржЯ рж▓рзЗржоржи', 1, NULL, NULL),
(14, 1, 'ржЖржкрзЗрж▓ ржХрзБрж▓', 1, NULL, NULL),
(15, 1, 'ржмрж▓ рж╕рзБржирзНржжрж░рзА ржХрзБрж▓', 1, NULL, NULL),
(16, 1, 'ржХрж╛рж╢ржорзЗрж░рж┐ ржХрзБрж▓', 1, NULL, NULL),
(17, 1, 'ржЖржЩрзНржЧрзБрж░', 1, NULL, NULL),
(18, 1, 'ржЪрзЗрж░рзА ржлрж▓', 1, NULL, NULL),
(19, 1, 'рж╢рж░рж┐ржлрж╛', 1, NULL, NULL),
(20, 1, 'ржерж╛ржЗ ржкрзЗрзЯрж╛рж░рж╛', 1, NULL, NULL),
(21, 1, 'ржкрж▓рж┐ ржкрзЗрзЯрж╛рж░рж╛', 1, NULL, NULL),
(22, 1, 'ржорж╛ржзржмрзА ржкрзЗрзЯрж╛рж░рж╛', 1, NULL, NULL),
(23, 1, 'рж╕рзАржбрж▓рзЗрж╕ рж▓рзЗржмрзБ', 1, NULL, NULL),
(24, 1, 'ржЖржорж░рзБржкрж╛рж▓рзА', 1, NULL, NULL),
(25, 1, 'ржмрзЗржирзНржпрж╛ржирж╛ ржорзЗржЩрзНржЧ', 1, NULL, NULL),
(26, 1, 'ржХрж╛ржЯрж┐ржоржи ржмрж╛рж░рзЛржорж╛рж╕рж┐ ржЖржо', 1, NULL, NULL),
(27, 1, 'ржбрж╛рж▓рж┐ржо', 1, NULL, NULL),
(28, 1, 'ржерж╛ржЗ ржЬрж╛ржоржмрзБрж░рж╛', 1, NULL, NULL),
(29, 1, 'рж▓ржЯржХржи', 1, NULL, NULL),
(30, 1, 'ржХрж╛ржорж░рж╛ржЩрзНржЧрж╛', 1, NULL, NULL),
(31, 1, 'ржкрзЗржкрзЗржБ', 1, NULL, NULL),
(32, 1, 'ржбрзНрж░рж╛ржЧржи', 1, NULL, NULL),
(33, 1, 'ржЕрж░ржмрж░ржЗ', 1, NULL, NULL),
(34, 31, 'рждрзЗржЬржкрж╛рждрж╛', 1, NULL, NULL),
(35, 31, 'ржжрж╛рж░ржЪрж┐ржирж┐', 1, NULL, NULL),
(36, 31, 'ржПрж▓рж╛ржЪ', 1, NULL, NULL),
(37, 3, 'рж▓рж╛ржЙ', 1, NULL, NULL),
(38, 3, 'ржорж┐рж╖рзНржЯрж┐ ржХрзБржорзЬрж╛', 1, NULL, NULL),
(39, 3, 'ржХрзБржорзЬрж╛', 1, NULL, NULL),
(40, 3, 'рж╕рж┐ржо', 1, NULL, NULL),
(41, 3, 'ржЯржорзЗржЯрзЛ', 1, NULL, NULL),
(42, 3, 'ржХржкрж┐', 1, NULL, NULL),
(43, 3, 'ржмрзЗржЧрзБржи', 1, NULL, NULL),
(44, 3, 'ржХрж░рж▓рж╛', 1, NULL, NULL),
(45, 3, 'ржЭрж┐ржЩрзНржЧрж╛', 1, NULL, NULL),
(46, 3, 'ржврзЗрзЬрж╕', 1, NULL, NULL);

-- --------------------------------------------------------

--
-- Table structure for table `users`
--

DROP TABLE IF EXISTS `users`;
CREATE TABLE IF NOT EXISTS `users` (
  `id` bigint(20) UNSIGNED NOT NULL AUTO_INCREMENT,
  `name` varchar(191) COLLATE utf8mb4_unicode_ci NOT NULL,
  `email` varchar(191) COLLATE utf8mb4_unicode_ci NOT NULL,
  `mobile` varchar(191) CHARACTER SET utf8mb4 COLLATE utf8mb4_unicode_ci DEFAULT NULL,
  `image` varchar(191) COLLATE utf8mb4_unicode_ci DEFAULT NULL,
  `email_verified_at` timestamp NULL DEFAULT NULL,
  `is_admin` tinyint(1) NOT NULL DEFAULT '0',
  `password` varchar(191) COLLATE utf8mb4_unicode_ci NOT NULL,
  `status` int(11) NOT NULL DEFAULT '0',
  `remember_token` varchar(100) COLLATE utf8mb4_unicode_ci DEFAULT NULL,
  `created_at` timestamp NULL DEFAULT NULL,
  `updated_at` timestamp NULL DEFAULT NULL,
  PRIMARY KEY (`id`),
  UNIQUE KEY `users_email_unique` (`email`),
  UNIQUE KEY `users_mobile_unique` (`mobile`)
) ENGINE=MyISAM AUTO_INCREMENT=14 DEFAULT CHARSET=utf8mb4 COLLATE=utf8mb4_unicode_ci;

--
-- Dumping data for table `users`
--

INSERT INTO `users` (`id`, `name`, `email`, `mobile`, `image`, `email_verified_at`, `is_admin`, `password`, `status`, `remember_token`, `created_at`, `updated_at`) VALUES
(1, 'Admin', 'admin@gmail.com', NULL, 'public/frontend/images/user/1688555102960385.jpg', '2021-02-15 18:00:00', 1, '$2y$10$TIyuPxlUI2VczhZuyTiNWOv3.zXEbK0Q7Pb6j1cS7YIKSOcAW8HRa', 1, NULL, '2021-01-03 19:40:50', '2021-01-10 20:09:49'),
(13, 'test', 'test@gmail.com', NULL, NULL, NULL, 0, '$2y$10$iOoNj8lLPzcfgmelYcW6cuGC4o/slqJdJFomoH7tI.7fxEXxpBleG', 0, NULL, '2021-02-19 05:44:44', '2021-02-19 05:44:44'),
(4, 'Rakib ржорж┐рзЯрж╛', 'rakib@gmail.com', '01787377982', 'public/frontend/images/user/1690005276406783.png', '2021-02-08 18:00:00', 0, '$2y$10$Kmf3Ma90vypTg6Lb6k/5Uu7MOQ6roHoypRG9TZ/xn.PRER/4whtKO', 1, NULL, '2021-01-04 11:16:33', '2021-01-16 20:14:56'),
(9, 'Khan', 'khan@gmail.com', NULL, 'public/frontend/images/user/1691492307709003.jpg', NULL, 0, '$2y$10$fBHjJ9aunpY1uBo5..5R2.AuRb3UmP9du20z0VsYP7fA20dZldzTy', 1, NULL, '2021-02-12 06:24:53', '2021-02-12 06:24:53'),
(5, 'Mofiz uddin', 'mofiz@gmail.com', '01584825245', 'public/frontend/images/user/1689693024191701.png', NULL, 0, '$2y$10$qyjvLBLckkSWhRl43vqY2eByCwlHFEB/oRr1fvK1aczy9SwS49sxa', 1, NULL, '2021-01-23 09:46:53', '2021-01-23 09:46:53'),
(10, 'Aminul islam peal', 'pealrana63@gmail.com', '0176546565465', 'public/frontend/images/user/1691547086113492.jpg', '2021-02-19 06:56:16', 0, '$2y$10$cUGqAgdAw7m3Yw1bHXIMfOATPCACPu9ZNMOMndq49zFWh3XI/c/FG', 1, 'Zy4JCPH6opoOcPo2OxqZyuAQW9jkhI7Z6O1dqLFIJNW9jklr1OgS5vllp1JP', '2021-02-12 20:56:26', '2021-04-30 22:51:51');

-- --------------------------------------------------------

--
-- Table structure for table `wishlists`
--

DROP TABLE IF EXISTS `wishlists`;
CREATE TABLE IF NOT EXISTS `wishlists` (
  `id` bigint(20) UNSIGNED NOT NULL AUTO_INCREMENT,
  `user_id` int(11) NOT NULL,
  `product_id` int(11) NOT NULL,
  `created_at` timestamp NULL DEFAULT NULL,
  `updated_at` timestamp NULL DEFAULT NULL,
  PRIMARY KEY (`id`)
) ENGINE=MyISAM AUTO_INCREMENT=41 DEFAULT CHARSET=utf8mb4 COLLATE=utf8mb4_unicode_ci;

--
-- Dumping data for table `wishlists`
--

INSERT INTO `wishlists` (`id`, `user_id`, `product_id`, `created_at`, `updated_at`) VALUES
(40, 10, 10, NULL, NULL),
(37, 10, 11, NULL, NULL);
COMMIT;

/*!40101 SET CHARACTER_SET_CLIENT=@OLD_CHARACTER_SET_CLIENT */;
/*!40101 SET CHARACTER_SET_RESULTS=@OLD_CHARACTER_SET_RESULTS */;
/*!40101 SET COLLATION_CONNECTION=@OLD_COLLATION_CONNECTION */;
